,error,filling_factor,flux,time,detect,back_level,xrt_flux,detection_type,xrt_error
0,0.000757529574912,0.29636284709,0.000508166325744,58010.3488123,False,0.000674848386552,0.000508166325744,upper_limit,
1,0.00122147973161,0.29636284709,0.000508166267537,58010.4066827,False,0.00337424199097,0.000508166267537,upper_limit,
2,0.000899364647921,0.295359939337,0.000169963954249,58010.4645531,False,0.00203141965903,0.000169963954249,upper_limit,
3,0.0013098634081,0.296864330769,-0.00118371855933,58010.5224234,False,0.00741079309955,0.00741079309955,upper_limit,
4,0.00188505265396,0.238193497062,0.000843021203764,58010.5802938,False,0.00671722786501,0.000843021203764,upper_limit,
5,0.00208293320611,0.20450283587,0.00343666435219,58010.6381642,True,0.00195596320555,0.00343666435219,detection,0.00208293320611
6,0.00441146129742,0.0321862921119,-0.00311937392689,58010.6960345,False,0.0124276513234,0.0124276513234,upper_limit,
7,0.00141575164162,0.100291997194,-0.00100108759943,58010.7539049,False,0.00398835400119,0.00398835400119,upper_limit,
8,0.00147762009874,0.271791309118,0.00147762009874,58095.9390901,False,0.00294343475252,0.00147762009874,upper_limit,
9,0.00131394481286,0.187170267105,0.000536415725946,58095.9969605,False,0.00213709147647,0.000536415725946,upper_limit,
10,0.0,0.000375766336219,0.0,58096.0548308,False,0.0,0.0,upper_limit,
11,0.00109543942381,0.330462127924,-0.000759550544899,58096.6335345,False,0.00544691737741,0.00544691737741,upper_limit,
12,0.00131877406966,0.29485848546,0.000170253013493,58096.6914049,False,0.00474804034457,0.000170253013493,upper_limit,
13,0.00110457383562,0.222648233175,0.000450940366136,58096.8071457,False,0.00179655582178,0.000450940366136,upper_limit,
14,0.00118932384066,0.326951920986,-0.00107478734571,58096.865016,False,0.00672881817445,0.00672881817445,upper_limit,
15,0.000523879076354,0.271033108234,-0.000370438443497,58096.9228864,False,0.00147583452053,0.00147583452053,upper_limit,
16,1.62539591704e-13,0.0549159012735,-1.14932857068e-13,58096.9807568,False,0.0,0.0,upper_limit,
17,0.00236615887843,0.180024147034,0.00167312694248,58097.1543679,False,0.00666577275842,0.00167312694248,upper_limit,
18,0.000599453633185,0.334975272417,-0.000599453633185,58097.2701086,False,0.00238823588006,0.00238823588006,upper_limit,
19,0.000951905851252,0.31642127037,-0.000158650989761,58097.327979,False,0.0031603439711,0.0031603439711,upper_limit,
20,0.00113247334957,0.234562948346,0.000214017403778,58097.3858494,False,0.00255794869736,0.000214017403778,upper_limit,
21,0.0005905405269,0.170015573502,-0.00029527026345,58097.4437197,False,0.00117636285722,0.00117636285722,upper_limit,
22,0.000904081272893,0.248322412372,0.000606476154644,58097.5015901,False,0.000805404561106,0.000606476154644,upper_limit,
23,0.000869558134582,0.282823443413,0.000354995601811,58097.5594605,False,0.00141430995427,0.000354995601811,upper_limit,
24,0.00159535871353,0.12586645782,0.00159535871353,58097.6173308,False,0.0,0.00159535871353,upper_limit,
25,0.000950530753471,0.236187666655,0.000637635414023,58097.6752012,False,0.000846784270834,0.000637635414023,upper_limit,
26,0.00107864360325,0.186161711812,-0.00107864360325,58102.7677938,False,0.00429733889177,0.00429733889177,upper_limit,
27,1.19750251924e-13,0.105413407087,-1.19750251924e-13,58102.8256642,False,0.0,0.0,upper_limit,
28,0.0014173546806,0.200357139111,3.31482413675e-14,58102.8835345,False,0.00399286998436,3.31482413675e-14,upper_limit,
29,0.0014492336195,0.324946075678,0.000308977614623,58102.9414049,False,0.00615486735478,0.000308977614623,upper_limit,
30,0.00144652661402,0.310403734446,0.000646906381007,58102.9992753,False,0.00515457708389,0.000646906381007,upper_limit,
31,0.000794513965957,0.252735853195,-0.000794513965957,58103.0571457,False,0.00316536030732,0.00316536030732,upper_limit,
32,1.37557703401e-13,0.0917671769857,-1.37557703401e-13,58103.115016,False,0.0,0.0,upper_limit,
33,0.0029149625916,0.128875225782,0.000779056572355,58103.3464975,False,0.00931133236736,0.000779056572355,upper_limit,
34,0.000458163674921,0.219138026237,-0.00022908183746,58103.4043679,False,0.00091266684467,0.00091266684467,upper_limit,
35,0.00141677213833,0.158461362123,0.000950399611611,58103.4622382,False,0.0012621373171,0.000950399611611,upper_limit,
36,0.000948898261413,0.211616113782,0.000948898261413,58103.6358494,False,0.0,0.000948898261413,upper_limit,
37,0.00221337936819,0.143444031477,0.00209979619831,58103.6937197,False,0.002788543934,0.00209979619831,upper_limit,
38,0.00108761200681,0.244238093495,0.000205539399758,58103.7515901,False,0.00245661917143,0.000205539399758,upper_limit,
39,0.00401292042807,0.0250194557011,-0.00200646021403,58103.8094605,False,0.00799377914518,0.00799377914518,upper_limit,
40,0.000533518323209,0.325949013233,-0.000462040421553,58104.3302938,False,0.00184077874292,0.00184077874292,upper_limit,
41,0.00125758419745,0.178519755602,0.000843613117468,58104.3881642,False,0.00112032413017,0.000843613117468,upper_limit,
42,0.00100407924037,0.141411721706,-0.000709991203621,58104.4460345,False,0.00282861990854,0.00282861990854,upper_limit,
43,0.00130717793945,0.254741668701,0.000985322520137,58104.5039049,False,0.00235532713123,0.000985322520137,upper_limit,
44,0.00129172590096,0.155452594161,0.00129172590096,58104.677516,False,0.0,0.00129172590096,upper_limit,
45,0.0,0.145423397422,0.0,58104.7353864,False,0.0,0.0,upper_limit,
46,0.0,0.128373757005,0.0,58104.7932568,False,0.0,0.0,upper_limit,
47,0.00526888202876,0.0190554801375,-0.00263444101438,58104.8511271,False,0.0104956682771,0.0104956682771,upper_limit,
48,5.66960791737e-14,0.111324116588,-2.83480395868e-14,58104.9089975,False,0.0,0.0,upper_limit,
49,0.00216451357119,0.0927700996399,0.00216451357119,58104.9668679,False,0.0,0.00216451357119,upper_limit,
50,0.014547820203,0.0138029037043,0.014547820203,58113.6474234,False,0.0,0.014547820203,upper_limit,
51,0.000808658485767,0.304122745991,-0.000990400207229,58113.7052938,False,0.00394577533007,0.00394577533007,upper_limit,
52,0.00104739179369,0.317925632,-0.000473700813018,58113.7631642,False,0.0044035455212,0.0044035455212,upper_limit,
53,0.00180919456761,0.166484713554,-0.000301532330923,58113.8210345,False,0.00600655702874,0.00600655702874,upper_limit,
54,0.00108903972432,0.260759204626,0.00154013477731,58113.8789049,True,0.0,0.00154013477731,detection,0.00108903972432
55,0.0011834455654,0.26828110218,0.00112271518447,58113.9367753,False,0.00149097351823,0.00112271518447,upper_limit,
56,0.00207190774381,0.32143586874,-0.000624703767244,58114.3418679,False,0.0149329947308,0.0149329947308,upper_limit,
57,0.000987743260339,0.32143586874,-0.000312351825414,58114.3997382,False,0.00373324868269,0.00373324868269,upper_limit,
58,0.000485326483613,0.20687328279,-0.000242663241806,58114.4576086,False,0.000966775405686,0.000966775405686,upper_limit,
59,0.00227860803716,0.158869460225,0.00347584695555,58114.515479,True,0.0012588952668,0.00347584695555,detection,0.00227860803716
60,0.00106006022543,0.231997579336,0.000432767759776,58114.5733494,False,0.00172415585257,0.000432767759776,upper_limit,
61,0.00204341555946,0.298870146275,0.00453512882814,58114.6312197,True,0.00334593467414,0.00453512882814,detection,0.00204341555946
62,0.000697352050338,0.321937322617,-0.000779663270805,58114.6890901,False,0.00310619478114,0.00310619478114,upper_limit,
63,0.00114043371286,0.317424178123,0.00047444915981,58114.7469605,False,0.00315035856329,0.00047444915981,upper_limit,
64,0.000711764674634,0.315418332815,0.000477466266602,58114.8048308,False,0.000634078518488,0.000477466266602,upper_limit,
65,0.00150165625382,0.306392073631,0.00180228531826,58117.4668679,True,0.00326379225589,0.00180228531826,detection,0.00150165625382
66,0.000477061170386,0.297631770372,-0.000337333185598,58117.5826086,False,0.00134394248016,0.00134394248016,upper_limit,
67,4.39837700766e-13,0.0202938672155,-3.11012229425e-13,58117.640479,False,0.0,0.0,upper_limit,
68,0.00130975618958,0.254240214825,0.000987265957519,58117.6983494,False,0.00235997280106,0.000987265957519,upper_limit,
69,1.47300710041e-13,0.0742160826921,-1.27566170518e-13,58117.7562197,False,0.0,0.0,upper_limit,
70,0.00100087909959,0.245715394616,0.000408607185818,58117.8140901,False,0.00162789958995,0.000408607185818,upper_limit,
71,0.00115571566857,0.245715394616,0.0,58117.8719605,False,0.0032557991799,0.0,upper_limit,
72,0.0,0.287336587906,0.0,58117.9298308,False,0.0,0.0,upper_limit,
73,0.00111686601304,0.311406672001,0.0019344688626,58117.9877012,True,0.0,0.0019344688626,detection,0.00111686601304
74,0.000870966061484,0.257763922215,0.000584261782933,58118.0455716,False,0.000775903754402,0.000584261782933,upper_limit,
75,0.000828234828077,0.171435162425,-0.000585650443099,58118.103442,False,0.00233324361034,0.00233324361034,upper_limit,
76,0.000868920120411,0.20013320446,-0.000752506894059,58118.1613123,False,0.00299800327048,0.00299800327048,upper_limit,
77,0.000947819440626,0.334975272417,0.000899180478882,58118.2191827,False,0.00119411794003,0.000899180478882,upper_limit,
78,0.00096638337709,0.293855547905,2.74897444895e-14,58118.2770531,False,0.00272242585197,2.74897444895e-14,upper_limit,
79,0.000932950002607,0.304386228323,0.0013193906052,58118.3349234,True,0.0,0.0013193906052,detection,0.000932950002607
80,0.000957978598308,0.104805141687,-0.000478989299154,58118.3927938,False,0.00190830335487,0.00190830335487,upper_limit,
81,0.0016161716776,0.062122784555,-0.000808085838798,58123.0802938,False,0.00321943080053,0.00321943080053,upper_limit,
82,5.21912374429e-13,0.0120932962745,-2.60956187215e-13,58123.1381642,False,0.0,0.0,upper_limit,
83,0.00102297030389,0.169994935393,-0.000885918212589,58123.2539049,False,0.00352951674722,0.00352951674722,upper_limit,
84,0.0,0.194566473365,0.0,58124.2377012,False,0.0,0.0,upper_limit,
85,0.000823940441478,0.121854782104,-0.000411970220739,58124.5270531,False,0.00164129794575,0.00164129794575,upper_limit,
86,0.00206313352101,0.108816817403,0.00138399202842,58124.5849234,False,0.00183795113117,0.00138399202842,upper_limit,
87,0.00110794545617,0.156956985593,-0.000959508935921,58124.6427938,False,0.00382270361297,0.00382270361297,upper_limit,
88,0.00197224668227,0.113831423223,0.00132302334532,58124.7006642,False,0.00175698415842,0.00132302334532,upper_limit,
89,0.00126104336232,0.137901499867,-0.00109209562652,58124.7585345,False,0.00435093184933,0.00435093184933,upper_limit,
90,0.0,0.18052560091,0.0,58124.8164049,False,0.0,0.0,upper_limit,
91,0.00160375377163,0.0626038014889,-0.000801876885816,58124.8742753,False,0.00319469417445,0.00319469417445,upper_limit,
92,0.00498587591574,0.0201370976865,-0.00249293795787,58124.9321457,False,0.00993191730231,0.00993191730231,upper_limit,
93,0.00121343950741,0.0827409029007,-0.000606719753705,58124.990016,False,0.00241718417965,0.00241718417965,upper_limit,
94,0.00113117240835,0.177516832948,-0.00113117240835,58125.8580716,False,0.00450661452487,0.00450661452487,upper_limit,
95,0.000966954685282,0.232175976038,0.000648652901873,58125.915942,False,0.000861415581312,0.000648652901873,upper_limit,
96,0.000817384629045,0.300875991583,0.000333695876179,58125.9738123,False,0.00132945133373,0.000333695876179,upper_limit,
97,0.0,0.0360734574497,0.0,58126.1474234,False,0.0,0.0,upper_limit,
98,0.000701454118825,0.320054650307,-0.000784249510616,58126.2052938,False,0.00312446639873,0.00312446639873,upper_limit,
99,0.00123531743884,0.21503482759,0.00023345304362,58126.2631642,False,0.00279024569318,0.00023345304362,upper_limit,
100,0.00062862643972,0.319430023432,-0.00062862643972,58126.3210345,False,0.00250446097925,0.00250446097925,upper_limit,
101,0.000885254121386,0.277808845043,-0.00108421046752,58126.3789049,False,0.00431951694191,0.00431951694191,upper_limit,
102,0.00183287798427,0.279313206673,0.00107837084215,58130.4877012,False,0.00716042006388,0.00107837084215,upper_limit,
103,0.00134374178015,0.149435073137,0.00134374178015,58130.8349234,False,0.0,0.00134374178015,upper_limit,
104,0.00242373161018,0.333972364664,0.00225470191799,58131.0085345,False,0.0149712990969,0.00225470191799,upper_limit,
105,0.000779056514148,0.128875225782,-0.000389528257074,58131.3557568,False,0.0015518887667,0.0015518887667,upper_limit,
106,0.00119686848484,0.265272349119,0.00113544915803,58131.4136271,False,0.00150788435712,0.00113544915803,upper_limit,
107,0.00165469024796,0.121353320777,0.00165469024796,58131.4714975,False,0.0,0.00165469024796,upper_limit,
108,0.0,0.0864776000381,0.0,58131.5293679,False,0.0,0.0,upper_limit,
109,0.00100942677818,0.17227576673,-0.000874189252499,58131.5872382,False,0.00348278833553,0.00348278833553,upper_limit,
110,0.00167677900754,0.133889824152,0.00112481752876,58131.6451086,False,0.00149376550689,0.00112481752876,upper_limit,
111,0.00139524415135,0.143919020891,0.00139524415135,58131.8187197,False,0.0,0.00139524415135,upper_limit,
112,0.00046880642185,0.214163199067,-0.000234403210925,58131.9923308,False,0.000933867297135,0.000933867297135,upper_limit,
113,0.00135957309976,0.221542492509,0.00158616877161,58132.0502012,True,0.000902761355974,0.00158616877161,detection,0.00135957309976
114,6.2893104353e-14,0.100355051458,-3.14465521765e-14,58132.1080716,False,0.0,0.0,upper_limit,
115,0.00167677900754,0.133889824152,0.00112481752876,58132.165942,False,0.00149376550689,0.00112481752876,upper_limit,
116,0.00157656474039,0.168490558863,0.000297942693578,58132.2816827,False,0.00356103037484,0.000297942693578,upper_limit,
117,0.00103404454421,0.21711216867,0.000693658133969,58132.4552938,False,0.000921182858292,0.000693658133969,upper_limit,
118,0.00278002838604,0.0722302570939,0.00278002838604,58132.5131642,False,0.0,0.00278002838604,upper_limit,
119,0.00166435074061,0.248724162579,0.00302748265676,58133.1497382,True,0.000804103619885,0.00302748265676,detection,0.00166435074061
120,0.00526888202876,0.0190554801375,-0.00263444101438,58133.2076086,False,0.0104956682771,0.0104956682771,upper_limit,
121,0.00889855623245,0.0225657001138,0.00889855623245,58133.265479,False,0.0,0.00889855623245,upper_limit,
122,0.00139271852095,0.124863542616,-0.00120612967294,58136.6219605,False,0.00480524590239,0.00480524590239,upper_limit,
123,0.00099610700272,0.100793458521,-0.00049805350136,58136.6798308,False,0.00198425562121,0.00198425562121,upper_limit,
124,0.000823940441478,0.121854782104,-0.000411970220739,58136.7955716,False,0.00164129794575,0.00164129794575,upper_limit,
125,0.00138399202842,0.217633634806,-0.000230665347772,58136.853442,False,0.00459487782791,0.00459487782791,upper_limit,
126,0.00201416644268,0.131883978844,0.00038064175169,58136.9113123,False,0.004549453035,0.00038064175169,upper_limit,
127,0.0,0.0908032655716,0.0,58236.2747382,False,0.0,0.0,upper_limit,
128,0.00119232293218,0.0842062756419,-0.000596161466092,58236.3326086,False,0.00237511983141,0.00237511983141,upper_limit,
129,0.000851989490911,0.117843098938,-0.000425994745456,58236.390479,False,0.00169717194512,0.00169717194512,upper_limit,
130,0.000893780728802,0.194566473365,-0.000774036801886,58236.5640901,False,0.00308377877809,0.00308377877809,upper_limit,
131,0.000882409454789,0.19707377255,-0.000764188996982,58236.6798308,False,0.00304454495199,0.00304454495199,upper_limit,
132,0.000761606672313,0.186432942748,-0.000538537220564,58236.7955716,False,0.00214554346167,0.00214554346167,upper_limit,
133,0.000697088369634,0.144029200077,-0.000348544184817,58236.853442,False,0.00138860731386,0.00138860731386,upper_limit,
134,0.00115667632781,0.212619036436,0.000472211133456,58236.9113123,False,0.00188129907474,0.000472211133456,upper_limit,
135,0.000603974447586,0.332467973232,0.000603974447586,58236.9691827,False,0.0,0.000603974447586,upper_limit,
136,0.00230203545652,0.185038745403,0.00379816466011,58237.0270531,True,0.00216170959175,0.00379816466011,detection,0.00230203545652
137,0.000782183255069,0.181528523564,-0.000553087098524,58237.0849234,False,0.00220351060852,0.00220351060852,upper_limit,
138,0.00146333093289,0.181528523564,0.00027654360747,58237.1427938,False,0.00330526567996,0.00027654360747,upper_limit,
139,0.0028608229477,0.116397514939,0.00215642666444,58237.2006642,False,0.00515474937856,0.00215642666444,upper_limit,
140,0.00125227728859,0.0801748037338,-0.000626138644293,58237.2585345,False,0.00249454937875,0.00249454937875,upper_limit,
141,0.00122322409879,0.183534353971,0.000820563640445,58237.3164049,False,0.00108971423469,0.000820563640445,upper_limit,
142,0.00177658721805,0.126367926598,-0.0019862849731,58237.3742753,False,0.00791340041906,0.00791340041906,upper_limit,
143,0.00140173430555,0.101294919848,-0.000991175882518,58237.490016,False,0.00394886545837,0.00394886545837,upper_limit,
144,0.00164112716448,0.183534353971,0.00191464845557,58237.5478864,True,0.00108971423469,0.00191464845557,detection,0.00164112716448
145,0.00211868621409,0.183534353971,0.00246169092134,58237.6057568,True,0.00326914270408,0.00246169092134,detection,0.00211868621409
146,0.0,0.183534353971,0.0,58237.6636271,False,0.0,0.0,upper_limit,
147,0.0022521589417,0.109198078513,0.000919440004509,58237.7214975,False,0.00366306817159,0.000919440004509,upper_limit,
148,0.00353408465162,0.0803538039327,0.00499795051292,58237.7793679,True,0.0,0.00499795051292,detection,0.00353408465162
149,0.00172989990097,0.183534353971,0.00164112728089,58237.8372382,False,0.00217942846939,0.00164112728089,upper_limit,
150,0.00217421259731,0.159965738654,0.00376584683545,58237.8951086,True,0.0,0.00376584683545,detection,0.00217421259731
151,0.000908015994355,0.221143856645,-0.000908015994355,58243.2770531,False,0.0036175546702,0.0036175546702,upper_limit,
152,0.00147474138066,0.192560642958,0.0,58243.3349234,False,0.00415453547612,0.0,upper_limit,
153,0.000755537825171,0.132886901498,-0.000377768912585,58243.3927938,False,0.00150503928307,0.00150503928307,upper_limit,
154,0.00155993038788,0.143919020891,0.00104643311352,58243.5085345,False,0.00138967041858,0.00104643311352,upper_limit,
155,0.000859021325596,0.116878442466,-0.000429510662798,58243.9714975,False,0.00171117950231,0.00171117950231,upper_limit,
156,0.00115962000564,0.212079316378,0.000473412859719,58244.0293679,False,0.00188608677126,0.000473412859719,upper_limit,
157,0.00170329830144,0.155954062939,0.000321893166984,58244.0872382,False,0.00384728680365,0.000321893166984,upper_limit,
158,0.000797779823188,0.332969427109,0.000150766223669,58244.1451086,False,0.00180196715519,0.000150766223669,upper_limit,
159,0.00148246239405,0.287336587906,0.00244593829848,58244.202979,True,0.00139209558256,0.00244593829848,detection,0.00148246239405
160,0.000692299101502,0.205097138882,-0.000489529396873,58244.2608494,False,0.00195029540919,0.00195029540919,upper_limit,
161,0.0,0.124863542616,0.0,58250.5108494,False,0.0,0.0,upper_limit,
162,0.00211306218989,0.134391278028,8.72701027112e-14,58250.5687197,False,0.00595276709646,8.72701027112e-14,upper_limit,
163,0.000606719753705,0.165481805801,-0.000303359876852,58250.6265901,False,0.00120859208982,0.00120859208982,upper_limit,
164,0.00205403147265,0.097760014236,0.00205403147265,58250.6844605,False,0.0,0.00205403147265,upper_limit,
165,0.00131058250554,0.108340039849,-0.000926721841097,58250.7423308,False,0.00369207910262,0.00369207910262,upper_limit,
166,0.000989879481494,0.286880493164,-5.38395994725e-15,58250.8002012,False,0.00278861750849,0.00278861750849,upper_limit,
167,0.00118984829169,0.292305797338,0.000686959247105,58250.8580716,False,0.00273685995489,0.000686959247105,upper_limit,
168,0.00100780639332,0.298870146275,-0.000167967722518,58250.915942,False,0.00334593467414,0.00334593467414,upper_limit,
169,0.00193276675418,0.146927773952,0.0,58250.9738123,False,0.00544485170394,0.0,upper_limit,
170,0.000427719554864,0.331966519356,-0.000302443397231,58251.4946457,False,0.00120494083967,0.00120494083967,upper_limit,
171,0.00126594782341,0.336479663849,0.00208870740607,58251.552516,True,0.00118877913337,0.00208870740607,detection,0.00126594782341
172,0.00111601548269,0.089963875711,-0.000558007741347,58251.6103864,False,0.00222311448306,0.00222311448306,upper_limit,
173,0.000641733349767,0.270984470844,-0.000555757374968,58251.6682568,False,0.00221414910629,0.00221414910629,upper_limit,
174,0.00107826222666,0.208208754659,0.000723320350517,58251.7261271,False,0.000960574427154,0.000723320350517,upper_limit,
175,0.000430974614574,0.329459220171,-0.000304745073663,58251.7839975,False,0.00121411075816,0.00121411075816,upper_limit,
176,0.000782692281064,0.286835134029,0.000525045965333,58251.8418679,False,0.000697264680639,0.000525045965333,upper_limit,
177,0.00252799852751,0.0397156402469,-0.00126399926376,58256.6451086,False,0.00503579946235,0.00503579946235,upper_limit,
178,0.000659043900669,0.152343541384,-0.000329521950334,58256.702979,False,0.00131282233633,0.00131282233633,upper_limit,
179,0.000526232062839,0.330462127924,-0.00045573033276,58257.6289049,False,0.00181563920341,0.00181563920341,upper_limit,
180,0.00120794889517,0.332467973232,0.00120794889517,58257.6867753,False,0.00240624672733,0.00120794889517,upper_limit,
181,0.00116959144361,0.332467973232,0.00135894247796,58257.7446457,True,0.00180468510371,0.00135894247796,detection,0.00116959144361
182,0.000854148820508,0.332467973232,9.49196301528e-15,58257.802516,False,0.00240624672733,9.49196301528e-15,upper_limit,
183,0.000824399001431,0.298316001892,0.000336559489369,58257.8603864,False,0.00134086003527,0.000336559489369,upper_limit,
184,6.2692398202e-14,0.142377838492,-4.43302214598e-14,58257.9182568,False,0.0,0.0,upper_limit,
185,0.00155512115452,0.241567313671,0.00041562365368,58257.9761271,False,0.004967559129,0.00041562365368,upper_limit,
186,0.000787903321907,0.312134027481,-0.000964980456047,58258.0339975,False,0.00384450238198,0.00384450238198,upper_limit,
187,0.00104116275907,0.215627804399,0.000698433199432,58258.0918679,False,0.000927524175495,0.000698433199432,upper_limit,
188,3.49625825524e-14,0.18052560091,-1.74812912762e-14,58258.1497382,False,0.0,0.0,upper_limit,
189,0.00102004047949,0.32645046711,-0.000461330753751,58258.2076086,False,0.00428855279461,0.00428855279461,upper_limit,
190,0.000927003507968,0.342497169971,0.000879432773218,58258.265479,False,0.00116789282765,0.000879432773218,upper_limit,
191,0.000574150530156,0.302881836891,-0.000497228989843,58258.6127012,False,0.00198097061366,0.00198097061366,upper_limit,
192,0.00111992761958,0.237190574408,0.000211646445678,58258.6705716,False,0.00252961134538,0.000211646445678,upper_limit,
193,0.00159227743279,0.244211018085,0.00185005925596,58264.4576086,True,0.00245689158328,0.00185005925596,detection,0.00159227743279
194,0.000689830514602,0.325447529554,0.000462752388557,58264.515479,False,0.000614538381342,0.000462752388557,upper_limit,
195,0.00148180488031,0.324946075678,0.00262631010264,58264.5733494,True,0.00184646015987,0.00262631010264,detection,0.00148180488031
196,0.000859799445607,0.308951437473,0.000162486830959,58264.6312197,False,0.00194205273874,0.000162486830959,upper_limit,
197,0.00173575722147,0.191842913628,0.00130837631878,58264.6890901,False,0.00312755885534,0.00130837631878,upper_limit,
198,0.00242835120298,0.160129934549,0.00282148923725,58264.7469605,True,0.00374695728533,0.00282148923725,detection,0.00242835120298
199,0.000785438576713,0.285832196474,0.000526888179593,58264.8048308,False,0.000699711206835,0.000526888179593,upper_limit,
200,0.00121042551473,0.287336587906,0.000698839488905,58264.8627012,False,0.00278419116512,0.000698839488905,upper_limit,
201,0.00193082983606,0.254741668701,0.00315303169191,58265.2099234,True,0.00314043625258,0.00315303169191,detection,0.00193082983606
202,0.00113506871276,0.330963611603,0.00151679944247,58265.4992753,True,0.00120859208982,0.00151679944247,detection,0.00113506871276
203,0.00133986701258,0.105972126126,-0.000947429158259,58265.5571457,False,0.00377457751893,0.00377457751893,upper_limit,
204,4.54461941441e-14,0.196408256888,-3.21353153235e-14,58265.615016,False,0.0,0.0,upper_limit,
205,0.000594117271248,0.168992012739,-0.000297058635624,58265.6728864,False,0.00118348782416,0.00118348782416,upper_limit,
206,0.00165917864069,0.263767957687,-0.000570962496568,58265.7886271,False,0.00834066420794,0.00834066420794,upper_limit,
207,0.00110957189463,0.221645325422,0.000452980835689,58265.8464975,False,0.00180468510371,0.000452980835689,upper_limit,
208,0.000842709327117,0.168490558863,-0.000595885445364,58265.9043679,False,0.00237402017228,0.00237402017228,upper_limit,
209,0.000685676466674,0.292852640152,-0.000685676466674,58271.1705716,False,0.00273174932227,0.00273174932227,upper_limit,
210,0.000821492052637,0.299371629953,0.000335372722475,58271.228442,False,0.00133613194339,0.000335372722475,upper_limit,
211,0.000604886794463,0.331966519356,0.000604886794463,58271.2863123,False,0.0,0.000604886794463,upper_limit,
212,0.00104235694744,0.288963645697,0.00121608306654,58271.3441827,True,0.000692128611263,0.00121608306654,detection,0.00104235694744
213,0.00100503559224,0.299694091082,-0.000167505990248,58271.4020531,False,0.00333673576824,0.00333673576824,upper_limit,
214,0.00134633562993,0.149147167802,0.00134633562993,58271.4599234,False,0.0,0.00134633562993,upper_limit,
215,0.00228201202117,0.219983696938,0.00342301791534,58271.5177938,True,0.00454579154029,0.00342301791534,detection,0.00228201202117
216,0.000842709327117,0.336981117725,-2.23707279779e-14,58271.5756642,False,0.00237402017228,0.00237402017228,upper_limit,
217,0.000610419316217,0.328957766294,-0.000610419316217,58271.6335345,False,0.00243192329071,0.00243192329071,upper_limit,
218,0.0,0.184035822749,0.0,58271.6914049,False,0.0,0.0,upper_limit,
219,0.000859333318658,0.330462127924,-0.00121528084856,58271.7492753,False,0.00484170438722,0.00484170438722,upper_limit,
220,0.000875548808835,0.11467217654,-0.000437774404418,58271.8071457,False,0.0017441023374,0.0017441023374,upper_limit,
221,0.000641219608951,0.313156604767,-0.000641219608951,58271.865016,False,0.00255463225767,0.00255463225767,upper_limit,
222,0.00273831398226,0.0733305811882,0.00273831398226,58271.9228864,False,0.0,0.00273831398226,upper_limit,
223,0.000855956925079,0.331765681505,8.40998345725e-15,58271.9807568,False,0.00241134036332,8.40998345725e-15,upper_limit,
224,0.000938519660849,0.320934414864,-0.000156419933774,58277.9992753,False,0.00311590149067,0.00311590149067,upper_limit,
225,0.00107584882062,0.336479663849,0.000447580154287,58278.0571457,False,0.00297194789164,0.000447580154287,upper_limit,
226,0.000822831701953,0.322831839323,-0.00108850409742,58278.115016,False,0.00433662300929,0.00433662300929,upper_limit,
227,0.0,0.185746729374,0.0,58278.1728864,False,0.0,0.0,upper_limit,
228,0.0,0.152345702052,0.0,58278.2307568,False,0.0,0.0,upper_limit,
229,0.00236878311262,0.0947759374976,0.00158902804833,58278.2886271,False,0.00211024028249,0.00158902804833,upper_limit,
230,0.00147897098213,0.151797190309,0.000992123852484,58278.6358494,False,0.00131754740141,0.000992123852484,upper_limit,
231,0.00176220934372,0.180169329047,0.00167177873664,58278.6937197,False,0.00222013378516,0.00167177873664,upper_limit,
232,0.00109212496318,0.331465065479,0.00166595517658,58278.7515901,True,0.00060338183539,0.00166595517658,detection,0.00109212496318
233,0.00206868024543,0.321937322617,0.00561357568949,58278.8094605,True,0.00248495582491,0.00561357568949,detection,0.00206868024543
234,0.00141858519055,0.331966519356,0.00272199045867,58278.8673308,True,0.00120494083967,0.00272199045867,detection,0.00141858519055
235,0.000896496349014,0.335978209972,-0.00014941606787,58278.9252012,False,0.00297638354823,0.00297638354823,upper_limit,
236,0.00123028014787,0.336479663849,0.00104435370304,58279.7353864,False,0.00297194789164,0.00104435370304,upper_limit,
237,0.00109578610864,0.303884774446,0.000825979921501,58285.5802938,False,0.00197443272918,0.000825979921501,upper_limit,
238,0.00113506871276,0.330963611603,0.00151679944247,58285.6381642,True,0.00120859208982,0.00151679944247,detection,0.00113506871276
239,0.00189774262253,0.218135103583,0.00161094567738,58285.6960345,False,0.00458431476727,0.00161094567738,upper_limit,
240,0.0021532305982,0.0932562276721,-0.0021532305982,58285.7539049,False,0.00857851561159,0.00857851561159,upper_limit,
241,0.00130084727425,0.288785964251,0.000347665976733,58285.8117753,False,0.00415532663465,0.000347665976733,upper_limit,
242,0.00175066164229,0.140479117632,0.000714704627171,58285.8696457,False,0.00284739816561,0.000714704627171,upper_limit,
243,0.00118762650527,0.292852640152,0.000685676466674,58285.927516,False,0.00273174932227,0.000685676466674,upper_limit,
244,0.0017808197299,0.159464284778,0.00251845945604,58285.9853864,True,0.0,0.00251845945604,detection,0.0017808197299
245,0.0,0.181027054787,0.0,58286.1011271,False,0.0,0.0,upper_limit,
246,0.00378872011788,0.0374766588211,-0.00267902971245,58286.3326086,False,0.0106733106077,0.0106733106077,upper_limit,
247,0.00108657439705,0.0924014821649,-0.000543287198525,58286.390479,False,0.00216446747072,0.00216446747072,upper_limit,
248,0.00105093896855,0.21362195909,0.000704991281964,58286.4483494,False,0.000936233322136,0.000704991281964,upper_limit,
249,0.00138825876638,0.260759204626,0.00211768550798,58286.5062197,True,0.000766991171986,0.00211768550798,detection,0.00138825876638
250,0.000723981065676,0.24019934237,-0.000626985973213,58286.5640901,False,0.00249792519026,0.00249792519026,upper_limit,
251,0.000816218496766,0.325447529554,0.000154250810738,58286.6219605,False,0.00184361508582,0.000154250810738,upper_limit,
252,0.000858596991748,0.233872413635,-0.000858596991748,58286.6798308,False,0.00342066842131,0.00342066842131,upper_limit,
253,0.00173031818122,0.174073904753,0.00201870454475,58286.7377012,True,0.00114893727005,0.00201870454475,detection,0.00173031818122
254,0.00116646895185,0.2434502244,0.00164963630959,58286.7955716,True,0.0,0.00164963630959,detection,0.00116646895185
255,0.0013585339766,0.181027054787,0.000554619182367,58292.8140901,False,0.00220961449668,0.000554619182367,upper_limit,
256,0.00146144174505,0.137400045991,-0.00146144174505,58292.8719605,False,0.0058224145323,0.0058224145323,upper_limit,
257,0.000985232065432,0.337984025478,0.000742646574508,58292.9298308,False,0.00177523179445,0.000742646574508,upper_limit,
258,0.00241591501981,0.101796381176,0.000986293307506,58293.2770531,False,0.00392941292375,0.000986293307506,upper_limit,
259,0.00645862985402,0.0155452601612,-0.00322931492701,58293.5085345,False,0.0128656579182,0.0128656579182,upper_limit,
260,0.00195276096929,0.0727116987109,-0.00138081051409,58293.5664049,False,0.00550117809325,0.00550117809325,upper_limit,
261,0.00196291692555,0.0511489212513,-0.000981458462775,58293.6242753,False,0.0039101508446,0.0039101508446,upper_limit,
262,0.000557535211556,0.311908125877,-0.000482839677716,58293.8557568,False,0.00192364340182,0.00192364340182,upper_limit,
263,0.00099726812914,0.201352208853,-0.00099726812914,58293.9136271,False,0.00397313712165,0.00397313712165,upper_limit,
264,0.00107470457442,0.132118687034,-0.000759930990171,58293.9714975,False,0.00302758091129,0.00302758091129,upper_limit,
265,0.00149975670502,0.133889824152,0.00149975670502,58294.0293679,False,0.0,0.00149975670502,upper_limit,
266,0.00116405531298,0.172502234578,-0.00116405531298,58296.4020531,False,0.00463762087747,0.00463762087747,upper_limit,
267,0.00212752702646,0.0817379802465,-0.00184249260928,58296.6914049,False,0.00734052900225,0.00734052900225,upper_limit,
268,0.00116522773169,0.121854782104,-0.000823940441478,58296.7492753,False,0.00328259589151,0.00328259589151,upper_limit,
269,0.00109710416291,0.329960674047,0.000456422974821,58296.8071457,False,0.00303066405468,0.000456422974821,upper_limit,
270,0.000861949229147,0.329459220171,-9.52056223571e-15,58296.865016,False,0.00242822151631,0.00242822151631,upper_limit,
271,0.000606719753705,0.330963611603,-0.000606719753705,58296.9228864,False,0.00241718417965,0.00241718417965,upper_limit,
272,0.00147146044765,0.18052560091,0.00027807985316,58297.7330716,False,0.00332362833433,0.00027807985316,upper_limit,
273,0.00109674071427,0.242205172777,0.000207264529308,58297.790942,False,0.0024772384204,0.000207264529308,upper_limit,
274,0.000804086448625,0.249727085233,-0.000804086448625,58297.8488123,False,0.00320349726826,0.00320349726826,upper_limit,
275,0.00173527130391,0.129376679659,0.0011640554294,58298.7168679,False,0.00154587370344,0.0011640554294,upper_limit,
276,0.0,0.0309983137995,0.0,58298.8326086,False,0.0,0.0,upper_limit,
277,0.00086605316028,0.115929469466,-0.00043302658014,58298.890479,False,0.00172518694308,0.00172518694308,upper_limit,
278,0.00101697037462,0.170997858047,-0.00088072224753,58298.9483494,False,0.00350881577469,0.00350881577469,upper_limit,
279,0.00722096813843,0.0621810406446,0.0161465741694,58299.7006642,True,0.0,0.0161465741694,detection,0.00722096813843
280,0.00148309278302,0.135394200683,0.00148309278302,58299.8742753,False,0.0,0.00148309278302,upper_limit,
281,0.0013493654551,0.128875225782,-0.00116858480033,58299.9321457,False,0.00465566618368,0.00465566618368,upper_limit,
282,0.00236878311262,0.0947759374976,0.00158902804833,58305.7770531,False,0.00211024028249,0.00158902804833,upper_limit,
283,0.000877985556144,0.323441714048,0.0,58305.9506642,False,0.00247339787893,0.0,upper_limit,
284,0.00554543407634,0.0404844135046,0.00371999037452,58306.0664049,False,0.00494017312303,0.00371999037452,upper_limit,
285,8.72447459329e-14,0.0723440870643,-4.36223729664e-14,58306.1242753,False,0.0,0.0,upper_limit,
286,0.00276481849141,0.114834338427,0.00262293708511,58306.240016,False,0.00348327867687,0.00262293708511,upper_limit,
287,0.00194605044089,0.145924866199,0.0,58306.6451086,False,0.00548227364197,0.0,upper_limit,
288,0.0,0.146426320076,0.0,58306.7608494,False,0.0,0.0,upper_limit,
289,0.000650056870654,0.154449686408,-0.000325028435327,58306.8187197,False,0.00129492010456,0.00129492010456,upper_limit,
290,0.000997008173726,0.142414644361,-0.000704991281964,58306.8765901,False,0.00280870008282,0.00280870008282,upper_limit,
291,0.00152755179442,0.227684304118,0.000881932443008,58306.9344605,False,0.00351363723166,0.000881932443008,upper_limit,
292,0.00128500035498,0.0781331211329,-0.000642500177491,58306.9923308,False,0.00255973404273,0.00255973404273,upper_limit,
293,0.00101780344266,0.295934587717,-0.000169633887708,58307.0502012,False,0.00337912514806,0.00337912514806,upper_limit,
294,0.00102448510006,0.219138026237,0.000687245512381,58307.1080716,False,0.00091266684467,0.000687245512381,upper_limit,
295,0.00164145114832,0.173003703356,0.00232136272825,58307.2816827,True,0.0,0.00232136272825,detection,0.00164145114832
296,0.00102600583341,0.239697873592,0.000418865121901,58307.3395531,False,0.00166876742151,0.000418865121901,upper_limit,
297,0.0,0.1143328771,0.0,58307.5710345,False,0.0,0.0,upper_limit,
298,0.00158350192942,0.109819740057,-0.00137135293335,58307.7446457,False,0.00546349864453,0.00546349864453,upper_limit,
299,0.0025345729664,0.104805141687,0.00047898927005,58307.802516,False,0.00572491018102,0.00047898927005,upper_limit,
300,0.0,0.060711748898,0.0,58307.8603864,False,0.0,0.0,upper_limit,
301,0.0010945033282,0.0917320922017,-0.000547251664102,58307.9182568,False,0.00218026200309,0.00218026200309,upper_limit,
